,id,coin,name,type,algorithm,network_hashrate,difficulty,reward,reward_unit,reward_block,price,volume,updated
0,14c3fe48ff9f40cdb6e3619a3f421c2b9512058f,0XBTC,0xBitcoin,coin,Solidity-SHA3,-1.0,8443546542.0,2.5413103383046e-12,0XBTC,25.0,0.085514506862686,132033.7517346,1690131253
18,fa2c3f9a39431bfa7bbfc9752d804b5108e4efcc,ABS,ABS,coin,Lyra2REv2,435500000.0,11.063057003531,5.6823601077423e-08,ABS,0.75,0.00060633,,1690131268
19,32e802075534a5d87f8a43dcbcc19826ca6c790e,ACM,Actinium,coin,Lyra2z,2802585425.2754,101.4811185511822,2.064892290114e-07,ACM,25.0,0.0024528266743538,27.216837314927,1690130542
21,effc27c416f72911962bfe5a37ba3ac4189e5170,AE,Aeternity,coin,CuckooCycle,41830.0,166810.0,0.030214015946286,AE,58.8,0.037426871375673,79190.024730314,1690131252
22,e0611227fff958e9761e0da3a350796d2847aec8,AION,Aion,coin,"Equihash(210,9)",99638.189473684,946562.8,0.0087284224564921,AION,4.5,0.0022121132074783,2240.2465168939,1690131257
23,16c7727a3487066c61f818a9980ccaa05aa3cff6,AKA,AKA,coin,Ethash,1691970906.6667,13958759980.0,1.2895128239034e-06,AKA,5.0,0.00083369,,1690131252
24,8038be3566a008bc7bf19f38f2c89e8ec9b8addd,ALPH,Alephium,coin,Blake3,59289456607232.0,3794525222862800.0,4.0985364667748e-11,ALPH,2.7,0.21432453915778,22448.863960915,1690131257
30,45f387514e983dc76da9b14990e648d0c440e766,APX,APX,coin,X16Rv2,5.0,38.65961849545817,1.084064392995e-07,APX,2836100000.0,0.0,0.0,1671016350
31,ab6982445ec1bf93546692b10d33d4b1ddf7deb9,ARC,Advanced Technology Coin,coin,X11,4015900000.0,625.69799117942,8.2412933381757e-09,ARC,6.15201653,0.01302655,,1690131273
32,b47e51f3608bb8c4fee7c2d7e6e7582cf56aebf6,ARIEL,ARIEL,coin,KAWPOW,6037800000.0,114.7754699942533,7.6354712963567e-08,ARIEL,10.4554394,0.0,,1690131267
34,0355d3997f94c3abfa8f26ed031de71ec083405c,ARMS,2ACoin,coin,Chukwa,1053454.0,94810936.0,0.00012545847968424,ARMS,3.30412108,0.00056836,6.45,1690131253
35,bf3e4fe2e516f5bfbcf80464bb9628556a0a7813,ARO,Arionum,coin,SHA-512,-1.0,80643710061.0,-1.0,ARO,114.0,1.8844828359319e-05,4.1650839639767,1690131259
36,04d3fd2ffd57d56fac4fd39e374114460256523b,ARRR,Pirate,coin,Equihash,77781187.0,284676431.07734,3.161484063131e-06,ARRR,4.0,0.18311818896034,36911.534646817,1690131267
37,62dee3291e4ad4c638e201fee6c7d31dfa86296f,ARW,Arrow,coin,"Equihash(192,7)",33.32,3.4,4.306640625,ARW,597.0,9.891e-05,,1669398137
38,28020192b31afc25f62a7c1ab482db44c5b9910c,ATH,ATH,coin,Ethash,-1.0,1783160129.0,1.2113326026482e-05,ATH,6.0,1.989e-05,,1690131262
39,77e4c936803f0ecd946b406231876f564767db93,AVN,Avian,coin,X16RT,33665000000.0,362.745,5.7767186119308e-06,AVN,2500.0,4.0445808657381e-05,552.84189881221,1690131252
41,a638dbf10c05335cf57ad3d2d966fa76ce9e2294,BBR,BBR,coin,WildKeccak,67480.0,7400850.0,0.0010202244877278,BBR,2.097369,0.35649764253636,10089.363994312,1690131257
42,2030f62fc57349811081b2c29e2802b422d85832,BCD,Bitcoin Diamond,coin,BCD,2949506674738.3,413562.6816741,1.2667220023349e-10,BCD,62.5,0.18673742481734,4406.4962812592,1690131257
43,627a53ff2ebe79d72a07208bb7e87231675828b8,BCH,Bitcoin Cash,coin,SHA-256,3.03e+18,433448595562.4408,1.2088733057671e-17,BCH,6.25137783,249.46705358648,198503305.8188,1690131262
44,8cdd40b74983085d774f9b93098b6ad410405b0f,BCHC,BCHC,coin,Blake (2b-BCHC),0.625,2651.864720316033,1.9754738777126e-13,BCHC,56622780249.434,0.0,,1687321458
45,e0c731bc03bd5fe5f1bda451cf02f76afca41e9d,BCN,Bytecoin,coin,CryptoNight,-1.0,2159428944.0,2.0585247515326e-05,BCN,12.34788314,0.0004166335346077,14651.4814268,1690131257
46,2e6bbfb75d705a8c7c16eadb2b0597391677df54,BEAM,Beam,coin,BeamHashIII,274394.32994099,16042464.5,0.0089761769458801,BEAM,40.0,0.033521227157576,138785.63502386,1690131257
52,070c2b7b2dab640e0f062c5bd634b579c7c5e4d4,BIS,Bismuth,coin,BismuthHeavy3,-1.0,102.006486812,6.0320744228055e-11,BIS,3.75856273,0.032085664646611,207.87556509455,1690131257
53,99253da09486d43159864ea2daf5848dd9d6b8f5,BITC,BITC,coin,X25X,178718045.96768,2.7896039657465,2.1633788729911e-06,BITC,7.2,0.0,,1690131267
54,4ab9883f91ac5d4d56bf60e754372a21dd18f33b,BMB,BMB,coin,Pufferfish2,881293.66666667,26.0,1.6119044560653e-06,BMB,50.0,0.0,,1690131252
55,4c058f65cb4536e591a3406d523433f752a52bdd,BNBTC,BNbitcoin Token - minable bitcoin on BSC,coin,Solidity-SHA3,-1.0,264622.0,1.5837502497032e-10,BNBTC,50.0,0.016189185493697,,1690131252
56,fe23c256798d4bec35cbf62c65153d9e0b6180eb,BNODE,BNODE,coin,HoneyComb,3875635361.8231,138.54035574493,3.2094753373174e-08,BNODE,5.30478396,0.0,,1690131262
57,948116c1aaaa696ea60990aaba157fe8b339cbde,BOLI,Bolivarcoin,coin,X11,1393086468510.8,52496.568516006,8.9811975663768e-11,BOLI,5.625,0.002901580256008,215.83663211722,1690131262
58,f6d21ac6373d0cbb55c9e7362672391cfe6ec168,BSV,Bitcoin SV,coin,SHA-256,-1.0,87199572241.81349,6.0084354784507e-17,BSV,6.25076421,37.162595940974,48726878.326798,1690131257
59,5a480f68682e37e0551bef62275079dff17e1efc,BTB,BitBall,coin,Scrypt,3573300000.0,185.53658321,4.9940871604401e-10,BTB,0.110546,0.00025213296989171,16.071024379127,1690131258
60,a195fd59ce0ebc3f9b2d99b3c396ff198bcb4a5e,BTC,Bitcoin,coin,SHA-256,4.0467078083573e+20,53911173001054.0,9.7172611735041e-20,BTC,6.25,29968.745299169,14121397762.673,1690131252
61,69e79b2ab94b9449d866911eefa97f9f2b12954c,BTCMZ,BitcoinMono,coin,Chukwa,-1.0,8107510.0,16.711960752438,BTCMZ,37636.7747,2.6601e-08,0.935385,1690131252
62,5e17aaa26d26d4e18c10c027a94f36b9193d3773,BTCN,BitcoiNote,coin,CryptoNightLiteV7,-1.0,318174.0,0.03465179494239,BTCN,3.06258339,0.00066545517538822,,1690131252
63,79673b0dc32b9b8876731a5b10db1802852960c6,BTCZ,BitcoinZ,coin,Zhash,118062.96581996,2165.1122259683,1.2685633558887,BTCZ,6250.0,9.8363272427566e-05,16963.455866618,1690131263
66,a9644072e4a76fcb1b9521832abaa615deecadc9,BTX,Bitcore,coin,MegaBTX,444765000.0,19.106,3.4273850375615e-08,BTX,0.78125,0.036272457462959,63.960742295248,1690131258
67,b69f527affef35a6286c232dc93a571efa94e593,C0BAN,C0BAN,coin,Lyra2vc0ban,52290358383.52,389.65440356745,2.1511121380381e-09,C0BAN,1.0,0.0,,1690131265
68,4e5b95ef7d869c540bfcaae11883a08dfaeba5e9,CASH2,CASH2,coin,Blake (2b),0.463484061,100.0,3.8848785208538e-12,CASH2,5724161056.5778,0.00033738,,1682741173
69,3fb185a64f687c8d922e89be7a6aa37d650b47d0,CCX,ClearCryptos,coin,CryptoNightGPU,-1.0,259000000.0,8.3703474903475e-05,CCX,6.022,0.0108236,127923.0,1690131252
70,848f5b13eb3f8dc1f85e774983a3c570a62b65c2,CFX,Conflux Network,coin,Octopus,5673768663756.0,2836884331878.0,1.2743402849688e-09,CFX,1.002520915427,0.18733031720228,15956799.837247,1690131263
71,dea9bd3374f1b9e81bfbe2e0392819ba222ff30b,CHN,Chinet,coin,ProgPowZ,11853268765.0,1401536746576.0,2.5686090705755e-08,CHN,10.0,0.062231542631569,,1690131252
73,36d1ae382da84464510cc9e25576222dc5d5ba60,CKB,Nervos Network,coin,Eaglesong,1.5456481047982e+17,1.3671471233466616e+18,3.2063569231067e-12,CKB,1217.65601218,0.0028541129115562,2112424.5132497,1690131253
74,f918629785c7a8c7f548af953f2b26fd49dcd683,CLORE,CLORE,coin,KAWPOW,281156300000.0,3794.253769383603,5.2134866793705e-08,CLORE,236.0,0.0,,1690130902
75,7dbe375ca0ba5886d62a7408ac69910267e6f904,CMM,Commercium,coin,Equihash,-1.0,2256.0970903162,0.00019478735509428,CMM,1.00001379,0.0003478993166281,,1690131262
77,33b4348690a3745a0297e140688312ea28d43019,CTXC,Cortex,coin,Cortex,947.41510783919,12127.0,1.0390038756494,CTXC,3.5,0.15341547737399,3632981.2892733,1690131252
78,0a2ec5af67010e22f877c5ac8bb20bcb648cd041,DAE,Daefrom,coin,Ethash,5.0,62185113960.0,2.8945834225822e-07,DAE,5269924911.8644,0.00049636,,1682956459
79,d5504b55211bb42af5f08d01651f982c68f87552,DASH,Dash,coin,X11,2950213862660200.0,108145566.3166048,8.9506440957973e-15,DASH,1.154836145,33.702082350791,32497455.14878,1690131264
80,f8726335f3faec3a24cef1819ee40eb39e822248,DCR,Decred,coin,Blake (14r),5.4029721057717e+16,4212245693.6841,1.7558558654055e-16,DCR,0.88238866,14.814036815604,622622.59899701,1690131262
81,fe2db623c01e188773dca02f0b1644dd32c5711c,DERO,Dero,coin,AstroBWTv2,403000000.0,403754412.0,5.4835314096828e-06,DERO,0.615,3.9483569320862,29547.779949811,1690131257
82,23e12d77a02b0ea20c525874156e081304330100,DGC,Digitalcoin,coin,X11,-1.0,286.423327756342,7.3160095209404e-09,DGC,2.5,0.00209679,1.63,1690131257
83,c830c5483da5adf9cd55208469273b062c0787e0,DGC,Digitalcoin,coin,Scrypt-ld,-1.0,20.6081361611804,1.016819656322e-07,DGC,2.5,0.00209679,1.63,1690131269
84,d84d63b8aecc4fa6d7e88be2749bce442eda7059,DGC,Digitalcoin,coin,SHA-256,-1.0,463481.472693457,4.5211640946665e-12,DGC,2.5,0.00209679,1.63,1690131263
85,2d5df2f794082c8d7ad42f95d133f7814f7c15ad,DIME,Dimecoin,coin,Quark,369345603.5656,2756.4622773199,0.0011169974636363,DIME,14349.0,6.8817480241525e-07,46.189724447271,1690131262
88,d75170a3989d6fb321cabd7c3ad38cae543afcba,DNX,Dynex,coin,DynexSolve,1274917027.4,152990043287.0,4.1285039629352e-06,DNX,175.45,0.56659702402916,2740360.6140442,1690131252
89,85a62c0c8ad7e1ec0a7563e1c41779ec2e3c758a,DOGE,Dogecoin,coin,Scrypt,850946032342840.0,12397754.0,6.7645094857716e-10,DOGE,10005.45136575,0.072303647855295,214743596.20967,1690131268
100,0b3b7a892eb5c9dd64860df137ed3d3a353c54aa,DYNAMO,Dynamo Coin,coin,Dynamo,1.0,14.039214833051,5.9703503872643e-08,DYNAMO,-1.0,0.00778258,8.42,1683567012
101,8f443f679a8403217f9d663734be1ffc4dc3dc9a,EFL,e-Gulden,coin,Scrypt,110156511.44308,5.2467727907725,1.9501157673918e-09,EFL,0.01220703,0.10185736532395,18.843612584931,1690131262
102,7f44d4027294f8c2b4c88112c1c0e55fe40d8082,EGAZ,EGAZ,coin,Etchash,-1.0,99010538275.0,7.2719531935097e-08,EGAZ,2.0,0.0,,1690131257
103,52bbbfcd19d80f7a2b792b74d44e5535e2a5d40c,EGEM,EtherGem,coin,Ethash,8362092297.0,97803031511.0,9.2021687476914e-09,EGEM,0.25,0.0011681060232615,59.193011006839,1690131252
104,7995c3996665afa7d3e0138f51aa68f50b22dac3,ELA,Elastos,coin,SHA-256,295102413010.88,8325455566991.1,8.2442572874354e-20,ELA,0.81887366538,1.2824228268854,265627.48408726,1690131261
105,f78155a29b7e0e14cf730fe74b7a5ff7f3b9ea37,ELH,Elhereum,coin,Ethash,12038312170980.0,242119105090.0,6.9237850259058e-18,ELH,2.0,0.0065790617985226,,1690131267
106,17e3ae05c639de9c018653e25b02f44a610e5cf4,EPIC,Epic Cash,coin,RandomX,22054147.0,1351299627.0,4.8550594323519e-06,EPIC,1.8224,0.45634696791529,9932.2342649875,1690131263
107,6e9fedf022a2f5575975725e3f92dfd426688cac,ERG,Ergo,coin,Autolykos2,20094368124959.0,2295904832847872.0,5.6448332764404e-11,ERG,36.0,1.1780625100506,174318.68724469,1690131267
108,d5f0809ea3dce77168e2642a5c8e04cbe69d6c11,ESN,EscudoNavacense,coin,Ethash,15481296.185465,100711714579.0,1.787279670021e-07,ESN,5.0,0.00019101,,1690131263
109,d0fe70aab1f465109a7b4d18c17f6a99e3aafb13,ETC,Ethereum Classic,coin,Etchash,138078002764318.0,1891599598869777.0,4.8720670090576e-12,ETC,2.56,18.729906258999,146403109.85411,1690131268
110,5d55e24ca2c72eb897586fd40a753816a4241df2,ETF,EthereumFair,coin,Ethash,312470000000.0,4062162499386.0,8.8622747133925e-10,ETF,1.0,0.092507,756405.0,1690131262
111,2a3d8172d8c8acb50b5d1df8b74b7282a7ff91d3,ETHO,Etho Protocol,coin,Ethash,-1.0,138314361997.0,7.8082997629951e-09,ETHO,0.3,0.016128533630748,328790.98404811,1690131268
112,a15483b83fbdb620029dd6c9479899e1fd00aa36,ETHW,Ethereum PoW,coin,Ethash,-1.0,140431542281729.0,5.127053283767e-11,ETHW,2.0,1.8122488374523,1036444.314006,1690131262
113,e26b88ed34eca1eac5fad8d43f3c434c5c0d7f1f,ETP,ETP,coin,Ethash,11796906625.615,302213153935.0,1.3107106558479e-08,ETP,1.10031667,0.0,,1690131277
114,16c8dc42aea188a2aa2d271a6a1c9bbe4ac32714,EVR,ENEFTIVERSE,coin,EvrProgPow,44289549901.122,642.03024323113,3.2640883401404e-06,EVR,2500.2,0.0,,1690131262
115,c82254b2e0eed9a8ed1c2e06b8d834f918c36e3c,EXCC,ExchangeCoin,coin,"Equihash(144,5)",4.05875266,49729.1886122,0.0045909624406981,EXCC,21246.824467978,0.0060344328561817,58158.840645948,1681568308
116,3be98e281e310d9389ec619868626378e7f06232,EXP,Expanse,coin,Ethash,13731482417.319,315549465950.0,4.5634683477112e-08,EXP,4.0,0.00269587,64.44,1690131263
133,6e7d9436583517131fdd70c1d9365d894b81b8b5,FIRO,Firo,coin,FiroPoW,107365941744.09,5724.81060373,2.287713011326e-10,FIRO,1.5625,1.7164572415191,260490.61205188,1690131283
136,02c552e460e491341132b4f230cdc544b2128642,FLORA,Florachain Token,coin,Ethash,71849405006.259,1056186253592.0,1.704244865788e-08,FLORA,5.0,0.0031632038202429,,1690131263
137,c77d945a9f927d778c77d5d6c630c9410c0e2c71,FLUX,FLUX,coin,"Equihash(125,4)",2323589.2313506,33795.856557059,0.00024380935810396,FLUX,18.75,0.41675165497588,2098018.580686,1690131273
139,01ebc9df69ea208fb6e538b508dc7aacd1a4266e,FROG,Frog Coin,coin,BMW512,13926000000.0,13581388.044864,9.2574151594643e-12,FROG,150.0,0.041439357419506,,1690131274
141,92dafb8f3d8cf192728c2c0b643bccd8991cc7eb,FTC,Feathercoin,coin,NeoScrypt,1331649700.2618,19.373402819237,8.6530004560855e-07,FTC,20.0,0.003114949395364,11547.030190031,1690131272
142,c7e2cacd5b9d6b9ca0b655f359141536b8746daf,GAP,Gapcoin,coin,GapSearch,681909093.49263,21.849835628284,5.2386894178886e-08,GAP,1.36561471,0.0053014042594176,1.1028139048598,1690131262
144,f931e24827fc9f2fca9cb09d3acd43acd4aac8a3,GLC,GoldCoin,coin,Scrypt,18040386482.321,747.95717860268,3.3619183335595e-09,GLC,3.0,0.018443471537787,452.75821178746,1690131272
145,409023e21cec54e54eaf65b09b3bdcbd786ecbfa,GLINK,GemLink,coin,"Equihash(144,5)",18642.418324463,139.06716110937,0.028440057979537,GLINK,9.0,0.00559555,875.19,1690131274
147,3560564d01d111e0dba028fb03e055a6129189c0,GPN,Gamepass Network,coin,KAWPOW,16908500000.0,293.24197720758,2.8554988436872e-06,GPN,999.0,0.00019736384386367,,1690131274
148,90e618ec28b46ae7e480816f7a99043b0b84844e,GRFT,GRFT,coin,CNReverseWaltz,232.259906,7163216.0,0.11672629466988,GRFT,59693.0,8.713e-09,,1676241389
149,eb1e827932662553e3e6b2f1880311be02563960,GRIN,Grin,coin,cuckAToo32,173.09523809524,182892121.0,20.797799174691,GRIN,60.0,0.035419268508588,466767.73080528,1690131283
150,00e93757c7a135256d85e3e105d8e2bc82e4ea83,GRLC,Garlicoin,coin,Allium,1.5625,13.68295624,9.5715600311897e-08,GRLC,1434178383.5532,0.012371543529281,32.686442773929,1679746354
151,344a39923499a4acf6e0e3d7d7504294b65a7297,GRS,Groestlcoin,coin,Groestl,-1.0,488759.08867674,8.5746775515033e-12,GRS,5.0,0.36138722843387,1602505.0501474,1690131275
154,7169793f5ec20f1fb06369e526a7f74e8bee75cf,HAL,Halcyon,coin,NeoScrypt,34368753.122917,1.22,3.435206217844e-06,HAL,5.0,0.00209337,1.77,1690131268
170,38392139b319f75dce86919638827966f84347d2,HNS,Handshake,coin,Handshake,3995907790049700.0,513226170.77599,1.6331792197709e-12,HNS,1000.0,0.016583960668119,10775.30736251,1690131263
172,c895724e13740265bb55c0751f700efe83a4681e,HVQ,Hivecoin,coin,KAWPOW,4500.0,109.3724,3.4486364267335e-05,HVQ,8504999000.0,2.8622706239388e-05,,1672329988
173,1c1f3d3a7dcd925bac25cf583c59f083318fa0c6,INES,Inescoin,coin,SHA-256,535532206783490.0,489684993.0,1.7116928824362e-13,INES,100.0,7e-06,,1690131268
175,6593d42a1247d853491373d759289c900c00014a,IRD,Iridium,coin,CryptoNightTurtle,2956417.706375,558000000.0,1.1436025290323e-05,IRD,1.77258392,0.00896715,51.23,1690131262
176,8715091693702a8c2c2dd09f8c0b4b441553ff84,IRON,Iron Fish,coin,IronFish,1647564981604966.0,9.776386049709352e+16,7.3646846220992e-13,IRON,20.0,0.707084,302124.0,1690131268
177,01989d932ff0df1f388264e6abe31e7cf2d49521,IXI,IxiCash,coin,ChukwaIXI,21098089.0,1.8445826371947192e+19,0.013019875204907,IXI,2304.0,7.04e-05,801.79,1690131278
179,7ae4e0240e6cd4690300f55430f54ef5137062de,KAS,Kaspa,coin,KHeavyHash,2463554718741200.0,573591.03084103,2.8641206117011e-10,KAS,195.997718,0.038687637623754,25996551.182718,1690131262
180,7225e04fe6ea54e7832dc66046039795ca81ca5a,KAW,KAW,coin,KAWPOW,40.0,79.157886790316,4.2355366023059e-07,KAW,5580800000.0,0.0,,1669237239
181,eee72b496398bd8c37014d5e207302e00a5460b2,KCN,KCN,coin,SHA3d,7071711707810.4,110278.37929441,3.8003383914277e-14,KCN,0.005,0.0,,1690131273
182,13b6341aa98fad5b44e7cb2a178e8b59f20cbe52,KDA,Kadena,coin,Blake (2s-Kadena),4.7572256009773e+17,7.0029042518961e+17,5.2316816969302e-15,KDA,1.0176935,0.5914843207367,1543112.1757116,1690131283
183,ed3671c94eb82631a0137bd829b17081d25cf6e0,KMD,Komodo,coin,Equihash,114380824.43919,417650857.23741,1.6161824842521e-06,KMD,3.0,0.24530361202362,1150647.728473,1690131268
184,c7ab91ca7212ae7a3e99bf512c3713c650755290,KVA,KVA,coin,RandomKEVA,500.0,44350320.15810842,0.040585952786429,KVA,369586.0,4.943e-05,,1680430358
185,7726bb274b97e7335d69658779f43f57b07cf457,LAB,LAB,coin,KAWPOW,90.0,1509.683553247177,4.996883511223e-08,LAB,84074295600.0,0.0,,1668515072
186,a3af0e4740529c5a1f0c63bf4cf1cb542b2d8a9a,LBC,LBRY Credits,coin,LBRY,-1.0,1241860891823.93,9.3332322872748e-12,LBC,211.0,0.0087246663636303,114.48284597567,1690131268
187,1d98000d33fdd1332fc23999989be9faa4f50793,LCN,Lincoin,coin,SHA-256,1.671687384252e+16,3843495169.4367,4.0593633825009e-11,LCN,186140.82306042,2.4294411752698e-06,,1690131273
188,4e28b1997c46199402381788f2087cc7c37562ce,LOG,Woodcoin,coin,Skein2,0.51274767,749.695,5.7327330732797e-10,LOG,27186047846.798,0.109917,87.32,1681630588
189,9a837e14cafe2adb46de1c00bcbab97439ba9758,LTC,Litecoin,coin,Scrypt,762600000000000.0,27132612.35742665,3.8615444861712e-13,LTC,12.5,92.597934673394,394781538.4012,1690131268
191,44d53805be0a3cc152c1c76b9aaabf8e36e10cdb,LTZ,LitecoinZ,coin,Zhash,-1.0,147.51215223,0.14895488892156,LTZ,50.0,0.0021203809788536,15.895956452263,1690131268
210,a5b3816a8c1a257f30f3f8cb5f5b7511a53cf743,MEWC,MeowCoin,coin,KAWPOW,80243517318.0,1099.36820334,2.2872873199555e-06,MEWC,3000.0,0.00020027375397998,2838.7511314636,1690131264
215,e7225b337e63e6e61f748bc3ce36a5f7d9ab76ed,MINTME,MintMe.com Coin,coin,Webchain,1.0291719759252,15306878.0,5.6356494440386e-14,MINTME,1226512.6602564,0.008823969731017,95885.13462436,1685144542
218,ae3421eb83b4bc158e69ebf65bf73e42609a9981,MOAC,MOAC,coin,Ethash,25005137889.468,235048296161.0,3.0632002518615e-08,MOAC,2.0,0.073472,,1690131265
219,53a06a054767205da08563b0b57636bac56e5b95,MONA,MonaCoin,coin,Lyra2REv2,-1.0,2484397.25813449,2.1086359941267e-12,MONA,6.25,0.49771433135128,572636.92529966,1690131263
296,cea95c53a2aa1438f48520ab469d462daef4046b,MSR,MSR,coin,CryptoNightFastV2,-1.0,28878016.0,0.00011913169316083,MSR,0.955635261446,0.0,,1690131263
297,43c10eb19bddfac0cfdb2d4ec093581c044a1d52,MTNS,OmotenashiCoin,coin,Skein,43.5,365.90172515321,9.9647736782133e-08,MTNS,17288529613.031,0.00011856,1381.63,1673462911
298,2524a20b6ebcf783b685e0f77f88273a828e0aaf,MWC,MimbleWimbleCoin,coin,cuckARood29,0.15,6451065.0,0.015816657515354,MWC,-1.0,0.534815,57.78,1689435388
299,aaf99c273791a65e78859c54f5979cab8fc1f195,MWC,MimbleWimbleCoin,coin,cuckAToo31,0.1,9209116.0,0.0073864697917647,MWC,812.2960181451612,0.534815,57.78,1689502349
300,0370876fb003e5f6b6a069c91662b9dec0cd7c66,MZC,Maza,coin,SHA-256,323105500000000.0,20701439.4216,1.518357161676e-11,MZC,375.0005,0.00031367,28.21,1690131281
307,eecd2111ffe859aaf2df8fc51ce575a552e4b1cc,NEOX,NEOX,coin,KAWPOW,602177000000.0,7593.934897537,4.6909920824573e-07,NEOX,4250.0,0.000932,,1690131274
308,b0e99b8f2b5d20a0a4a1b265a19d8267571ff001,NEX,Nexa,coin,NexaPoW,10000000000000.0,287640.342,2.9140221129133e-05,NEX,10000000.0,6.36e-06,63131.0,1690131263
343,549635f6afc12e1c1d1bc8fbf71e816fe2cad563,NILU,NILU,coin,Ethash,2638000000.0,31657000000.0,2.2743784944878e-07,NILU,2.0,0.00038252,,1690131279
344,c489b28af3e91d361d713521e60e1fab37f2fb5a,NIM,Nimiq,coin,Argon2d-nim,-1.0,5235395.7,2.3936125426922e-05,NIM,2281.29156,0.00098143092159869,50838.585583591,1690131268
345,662aff88901045fc312477e2a68421cfc4fd1a2f,NMC,Namecoin,coin,SHA-256,1.6084190614255e+20,27189807392524.89,1.9269456776932e-19,NMC,6.250762,1.6220482344559,5324.6463992002,1690131269
346,9b90d62a2caf1f1387e90f931d5b3a1a63b7fbeb,NOVO,NOVO,coin,SHA256DT,9423065300000.0,341510.8456401021,2.4543592915267e-06,NOVO,1000000.0,0.0,,1690131289
347,b1ec1b4125f4c977b0a6c0185c3662d08204d097,NUKO,Nekonium,coin,Ethash,202328.4231875,556668214.0,4.8502859191454e-05,NUKO,7.5,0.00030317,,1690102113
348,2de0574e61849e93fd72fccfa2f8d933521c2d59,NXS,Nexus,coin,NEXUS,-1.0,587.232595,5.0573036313826e-10,NXS,1.627993,0.07159,1699.11,1690131273
349,0fc5ad2464eae351e06bccd7ef11832d2d0b7fcd,NYAN,Nyancoin,coin,Scrypt,0.65820312,416.06428093,1.3259957828423e-09,NYAN,26149510285.225,0.00018015487710705,0.00065480893182101,1674937108
350,98a9fe67b54a33e27c8d0a082a595f31ee6940ba,NYX,NaoYuanXiao,coin,NeoScrypt,38444200.0,5.6327726959111,4.3391826668154e-07,NYX,2.916,6.5515946885406e-07,,1690131289
351,f0300a03489b88664516e7ee0528ff0c55c79435,OBTC,Optical Bitcoin,coin,HeavyHash,432040555046.0,56676.0,2.1945091111203e-09,OBTC,50.0,0.03530331,123.46,1690131293
352,ba6c105185cd0238845fa92c04b740aaaa055fb7,OCTA,OCTA,coin,Ethash,2300000000000.0,30320000000000.0,3.3245382585752e-10,OCTA,2.8,0.0,,1690131273
353,772aa27f221ba564b579cfb35cf401f7b9331bf9,OMEGA,OMEGA,coin,X11,-1.0,31492.398096481,1.9783496189289e-11,OMEGA,0.74330343,0.0,,1690131284
354,3e14da22ae47b1e918a78ae65274bb8b5ada774d,PAPRY,Paprikacoin,coin,KAWPOW,8794500000.0,132.90891950344,2.2703405858897e-07,PAPRY,36.0,0.0023212823757721,,1690131278
357,0275fdee1795c5962b7288700cda3886812befbf,PEPEW,PEPE-POW,coin,Memehash,4078572412.537408,127.433,3.946498868365e-05,PEPEW,6000.0,3.7485729470848e-06,,1690131278
358,a990e44bf3b40a78167958de71eeb8054115d340,PGC,PGC,coin,Ethash,25946702.0,699950824.0,2.5716092306508e-05,PGC,5.0,0.00176916,,1690131273
359,ffd64bbabb968e77ea7b8015daafa8635448d1ce,PGN,PGN,coin,X21S,438.98036688,7.340100749980969,5.0128616142013e-05,PGN,-1.0,0.0,,1688352544
360,e5839f5561d217849456479f234b95ad33f53b54,PINK,PINK,coin,Ethash,1.0000378203712,292768019742.0,1.2296890065073e-08,PINK,23920078153.506,0.00561564,215.33,1669416513
361,c68a10d5c3f32b53483af60de52efefcb3cbafd4,PLSR,PLSR,coin,Curvehash,1042200000.0,57.636146267057,1.3088510150265e-06,PLSR,90.0,0.0,,1690131284
362,08a3d52cafb1593ea9752450c849b0f24d402c1d,PLUS1,PlusOneCoin,coin,HMQ1725,98258600.0,1165.2082718386,3.5967403313716e-08,PLUS1,50.0,0.011711011669109,4.6991078136337,1690131278
363,42a03696ed647bb37ad9a55cd10dd55f2b31da96,POM,Proof Of Memes,coin,Ethash,7.0000087169811,80318849481.0,3.1374990483514e-07,POM,6262351119.338,2.396047539752e-08,,1689070712
371,e48b6d5f287323243f35240e06ffd078cf94d146,PPC,Peercoin,coin,SHA-256,1.1141403312578e+16,5795274387.8474,5.2415149069312e-15,PPC,36.24,0.39735241192679,1946.1362126545,1690131283
372,0a59420fbc1a48dc7d405e670442be3440fd80bb,PRCO,ProcyonCoin,coin,KAWPOW,213745900.0,3.084130962178725,1.2107585276738e-05,PRCO,44.55,0.022388519075909,,1690131288
381,e85e27119710d0bcdbd6bf777d4e23d4a972334a,QIE,QIE,coin,Ethash,31672584085.615,411743593113.0,1.74866108919e-08,QIE,2.0,0.0,,1690131273
382,b3f05114783c2d16f0382c364e42b05b1b090ce7,QKC,QuarkChain,coin,Ethash,37523046189.0,387738143953.0,6.0319366058643e-09,QKC,1.94900992,0.0097422802461854,9601287.6254441,1690131286
383,f69631af354b162ea3a35db84203babc10f64e79,QRL,QRL,coin,RandomX,10031595.847458,591864155.0,1.0367215236408e-05,QRL,1.704439746,0.0,,1690131278
384,56e12771206132f3c812f228fe3b53826f89fc1d,REDE,REDE,coin,KAWPOW,2475.0,22.2322404697445,9.3311379830529e-05,REDE,1616000000.0,0.0,,1668800209
385,375be737b3c37514c8c8cd845bf80ef3dbf7af72,RITO,RITO,coin,X21S,-1.0,12.349957267883,4.6830228339353e-06,RITO,69.0,8.9854309481654e-05,10.095546860072,1690131279
386,6aa10030eb75576f8592ff60025757da5bbfd3a6,RTM,Raptoreum,coin,GhostRider,36517589.6642529,1.053295617094457,0.0029602971181195,RTM,3720.0,0.0010533,4765.74,1690131296
387,b08108dcacfb8f8402ac5b5f1cb9d5575acaf58b,RTO,RTO,coin,CryptoNightArto,-1.0,4185056.0,0.0037928766362983,RTO,4.40927809,1.746e-09,,1690131273
388,45378f7caf33c51c4b4d31e282fb6ffc66f06c00,RVN,Ravencoin,coin,KAWPOW,7208296584140.0,100698.74,2.0809354644207e-08,RVN,2500.0,0.019409282050869,4889627.6546506,1690131274
389,8e8747dbf7d79133fb106ce45fe6ba00f5860f79,RXD,Radiant,coin,Radiant,109294183922530.0,7852389.2630104,5.3371673835779e-09,RXD,50000.0,0.0024597931989601,99728.808453541,1690131273
390,086e61a638ab8c9815eed0793530c47f94796f1d,RYO,Ryo Currency,coin,CryptoNightGPU,2716000.0,651768626.0,0.00018346075467585,RYO,33.21499,0.026596875606569,158.44952479617,1690131280
391,73047dc3e5480d84831c3e084359ab53ce102335,SATOX,SATOX COIN,coin,KAWPOW,42691390000.0,495.655873316,4.5658973859728e-07,SATOX,270.0,0.0001172262223141,,1690130924
392,a672b5abd4b313f7e50a8d5ec767e56caf2b8864,SC,Siacoin,coin,Blake (2b-Sia),2.656586117730632e+16,1.5132880242009e+19,7.1367775514532e-12,SC,30000.0,0.0034814894493342,8185075.5898845,1690131273
393,8a0b041c72efcad6602937658acf124eb896566f,SCC,StakeCubeCoin,coin,X11,2.4,823518.0,2.4427599168074e-12,SCC,-1.0,0.19276171423924,3116.7669888008,1666437878
394,5ec80dd376604a9d46c3e4591cd4d8b35bf52409,SCP,ScPrime,coin,Blake (2b),1181548435034856.0,7.096283216494683e+17,2.3462479571418e-13,SCP,46.249,0.12612516568356,471.00683530815,1690131280
395,a2cb238ee26f9b25d5ba2752faedef670423124a,SCRIV,SCRIV NETWORK,coin,Tribus,-1.0,8.697651053161195,1.1472121411399e-06,SCRIV,11.9042784,0.00035941723792661,4.8338731661875,1690131278
396,e08f5618faaa46d589d51001ce7f2e1a2b40fa2b,SERO,Super Zero,coin,ProgPowSERO,32596873723.879,319882677788.0,3.7527743889646e-08,SERO,4.4,0.0077018145896189,135694.65176704,1690131274
397,c3d748f7a66b9c7b3b97c61e3a783cf2adaac2fb,SFX,Safex Cash,coin,RandomSFX,6856000.0,822744693.0,0.0012381976326477,SFX,270.0,0.00090457936613149,0.16964349837431,1690131303
398,17840e828ada4e91457f84eaf5ec525321c3a357,SHAHE,SHAHEPAY,coin,X16Rv2,250.0,9.139305973275487,2.2928171997001e-05,SHAHE,1061796600.0,2.5505573390454e-05,,1671325608
399,2649e40e5ddd27a6f44ff1e2c09f52c201cc96f7,SIN,SIN,coin,X25X,2558600000000.0,6.472,8.0943904236898e-07,SIN,6.25,0.0,,1690131278
400,4f780b35bf8ab99b9627d67b9de9b4f74d83131f,SIPC,SIPC,coin,ScryptSIPC,2.59999900001,618510914.0,1.5133114368999e-05,SIPC,47946582.48062,0.0,,1681389399
401,2a8cf23f2e1d31a1555550c8e6f1082a840402ce,SKYDOGE,SKYDOGENET,coin,Skydoge,84280000000.0,1127.01818543,3.7186193088541e-05,SKYDOGE,50000.0,3.7591598226323e-05,,1690131274
402,8b4049a1f0a5303c7fdd41c4ba13dee2c0894ba4,SMART,SmartCash,coin,Keccak,2.23,13223.586121537,1.4135079471438e-10,SMART,1409301983321.1,0.00050025325386491,376.97589060702,1678826564
403,8771f7e3dda3fe77b66365e64768f2d0dcfd4b89,SMLY,SmileyCoin,coin,Groestl,-1.0,94891.88838073,4.4165540988651e-09,SMLY,500.0,6.0149537694227e-05,13.185104061378,1690131295
404,970420cafa18a3e4f00e241020b15da67e33ce4f,SMLY,SmileyCoin,coin,Scrypt,-1.0,451.27256099,9.2869630198113e-07,SMLY,500.0,6.0149537694227e-05,13.185104061378,1690131285
405,99087a2b1050745114e38271cc3665685d415f3d,SMLY,SmileyCoin,coin,Qubit,-1.0,6820.50893753,6.1446317630475e-08,SMLY,500.0,6.0149537694227e-05,13.185104061378,1690131300
406,d14fcea13f3c91941d6bdb62848e1609d7a5ed90,SMLY,SmileyCoin,coin,SHA-256,-1.0,8191126.0564702,5.1164535338327e-11,SMLY,500.0,6.0149537694227e-05,13.185104061378,1690131290
407,d6bed8ef2c3dd7ccb767eadd2da69b3ca8112af8,SMLY,SmileyCoin,coin,Skein,-1.0,14817.15918029,2.8284447340922e-08,SMLY,500.0,6.0149537694227e-05,13.185104061378,1690131305
408,d7ab41d1e6add14ae8bb4ccbca48c4661d057155,SNW,Snowflake,coin,Chukwa,1.0,345030918.0,1.0433847554497e-05,SNW,-1.0,0.012550634267785,,1675698873
410,47c07fbd7d12ec5c63790f93e492e28016582625,STC,Starcoin,coin,CryptoNightSTC,-1.0,183517086.0,9.8083510327752e-05,STC,5.0,0.00657899,23045.0,1690131281
412,55c3f6eae61292a21c75ef7189c6680e8b38e806,SUMO,Sumokoin,coin,CryptoNightR,3940000.0,945510811.0,0.00021691132202189,SUMO,56.97,0.01189895,1219.65,1690131278
413,59829079af0b11cc36a536afe14de8c783d2c31a,SXC,SXC TOKEN,coin,Scrypt,13437276194914.0,173074.68669085,9.4588671196932e-13,SXC,0.1953125,0.041019262591602,,1690131290
414,72b2ca5b2c46ad2a1eff1153428c1ff8c4bdf47c,SYS,Syscoin,coin,SHA-256,8.1001564356722e+19,2668828557273.3,2.5125340175775e-18,SYS,8.0,0.11258874203111,230615.35534605,1690131273
415,d33044974704e483bb2b05295a7e23578ef0dc7f,TAJ,TajCoin,coin,Blake (2s),7006263833082.0,396024.12627016,6.9844942031615e-11,TAJ,33.000002,0.000622620206,0.0013507234696077,1690131283
416,ba9cae5d465b371e45450f0902095449870f72e0,TDC,TDC,coin,Lyra2TDC,86.0,6.39606437,1.1270112854608e-05,TDC,5293100.0,0.0,,1677288295
417,6a6dbf9080f6723c9c5e390dc806b386d467f3a6,TKL,Tokel,coin,Equihash,444623.22208917,2057980.2668668,0.00032799148313879,TKL,3.0,8.06062799518e-05,1.5580421445308,1690131278
418,8b491694c40660312033b49469cf9312928cd221,TLO,Talleo,coin,CryptoNightTalleo,38478.418082937,1825863.0,0.086773213543404,TLO,44.01,8.8630998394229e-06,,1690131273
420,36f1c57eaba0f036bcc46abeac3207d684d250b8,TRC,Terracoin,coin,SHA-256,6.1723313764173e+17,14422814756.102,1.3076006629e-16,TRC,2.25,0.014081930739363,20.8335103226,1690131279
421,11e5e52491e1a25c22bbe3e3dca4174367995bd4,TROLL,Trollcoin,coin,Scrypt-ld,136697510.6653,1.06736266,6.2823281987693e-06,TROLL,8.0,0.00029951436493885,4.5309304326627,1690131284
422,b94bb13067ac0b22f63197fd1ab6e0bdc3e06cc6,TUBE,TUBE,coin,Cuckaroo29b,221.33333333333,83.0,7.2469539286869,TUBE,6.599760682,0.0,,1690131273
424,11b7a390e2436edebd5de7d729e5a104ac5027a1,UBQ,Ubiq,coin,Ubqhash,7012965311.5275,712400392896.0,7.5800070491936e-09,UBQ,1.5,0.019415600521532,188.63028541617,1690131274
426,9ed8f9c1b7f3d0517e04bb5740462920e81b016a,UIS,Unitus,coin,X11,1990000000000.0,139136.75968141,1.7695142211494e-11,UIS,2.9373338,0.00059902872987769,1.5889083109562,1690131285
427,a4572aa26c49e9200e29aae6a130f30a421e7165,UIS,Unitus,coin,Lyra2REv2,59040000000.0,4123.939715168,5.9701278860927e-10,UIS,2.9373338,0.00059902872987769,1.5889083109562,1690131285
428,aea6c4a64d55fbb926d884346ce2ca6cafc51f44,UIS,Unitus,coin,Skein,151390000000.0,10574.408508962,2.3283049329164e-10,UIS,2.9373338,0.00059902872987769,1.5889083109562,1690131285
435,3ce2fc71f2475da0ffc3eb96bc79dea3e9dc6145,UNO,Unobtanium,coin,SHA-256,3.0867074768782e+16,1301225460.1842,6.4415456260384e-18,UNO,0.01,2.25,0.649872,1690131273
436,494a2a286859dc394b462f051eeafab2716783b6,VBK,VeriBlock,coin,vProgPow,3000015257.0,90000457728.0,1.1026862984788e-06,VBK,82.50203007,0.00062871,53.91,1690106094
437,81cc54f95e5cdd4c6219ac819b211f7c2fa8faf2,VCASH,VCASH,coin,SHA-256,1.0147643966302e+19,1715426604601.0,4.8861916616298e-18,VCASH,10.0,0.00079401,,1690131288
438,06dd929a9f49834d8da9d7635032c62430263282,VEIL,VEIL,coin,SHA-256,1.2243161659842e+19,796.4437481815355,2.4503474538281e-18,VEIL,10.0,0.0038772363901472,5.4538990056384,1690131279
439,30a0c24b8fb9637e35c6e55ef34a09959a053e81,VEIL,VEIL,coin,ProgPowVeil,1297434319.8069,51.37780554356114,1.6314249086471e-07,VEIL,10.0,0.0038772363901472,5.4538990056384,1690131279
441,d47d14ff3dd30034a138a05643a3d49c5a28a11d,VGC,VGC,coin,X16Rv2,315067200.0,44.01437678726028,2.0947913299461e-08,VGC,1.1,0.0,,1690131289
442,ef0348faa397cb276ada5061d22946403fe7215a,VIA,Viacoin,coin,Scrypt,-1.0,456946.7876054006,2.7988177630387e-16,VIA,0.00015258,0.03114949395364,2358.2629428625,1690131279
452,a2e92055d84b28e40b65fb0c666d89ac9c2da82e,VOLLAR,VOLLAR,coin,Equihash+Scrypt,-1.0,112572699.0,1.6575288827356e-06,VOLLAR,1.6586,0.165027,,1690131274
453,7cbbb5b89124d83cf5e9a226d32ca6b2b8eafce4,VPRM,VPRM,coin,"Equihash(210,9)",-1.0,461923.55728233,0.38967486538034,VPRM,50.0,0.0,,1690131273
454,fe5528aa63e14085ece440aa9cc3add6bc3b4cf7,VRSC,Verus Coin,coin,VerusHash,396654800000.0,1969862191467.028,6.8532712889657e-10,VRSC,6.0,0.42746752205167,7997.5773150646,1690131284
455,e22b775ec627efbb0e8c059f7005c30c8b75e0f0,VTC,Vertcoin,coin,Verthash,3935676245.98,118.8186801512769,8.817956024326e-08,VTC,12.5,0.10019075605326,52470.659065257,1690131285
456,1edc9b61714b96cb900e43fad29b7a3e6e277ac7,VTE,VTE,coin,KAWPOW,4500.0,75.537865826204,4.993332001027e-05,VTE,5493956100.0,0.0,,1669991440
457,16edec6f4b95121f168a9ca0822d4a9d609961d1,WDC,WorldCoin,coin,Scrypt,1.33576498e-08,25753.134578946,4.3475300794826e-19,WDC,4818228356909.6,0.01900126,5983.39,1687104754
458,1c5bb0181235457ff59ac5d63c995fd11b49715a,WOW,Wownero,coin,RandomWOW,17487000.0,5250000000.0,7.1654332114286e-05,WOW,104.495901,0.0224656,2068.97,1690131292
459,90215ea6cccae766fd2ba2a3339896e514e5c915,XDAG,Dagger by XDAG,coin,RandomXDAG,26910000.0,2610908478.8239,8.8245146035829e-05,XDAG,64.0,0.010761348451418,24098.57359815,1690131289
460,375423b6de103040d6ab46f548f8fb3c96040f20,XHV,Haven Protocol,coin,CryptoNightHaven,4531000.0,545349943.0,1.489933017193e-05,XHV,2.25704135,0.15762422756146,5676.3620683305,1690131289
461,b1be44d55e561903476d5d035d0e84647cab1482,XKR,XKR,coin,CryptoNightTurtle,16981971.133333,1528377402.0,0.00055835431149616,XKR,237.04892,0.0,,1690131286
462,570f23a1883b8b698a5bed42426842513b0878a3,XLA,Scala,coin,Panthera,8.02,971303522.0,0.01389884798544,XLA,3750.0,4.2634917923231e-05,256.96484494338,1690131289
463,c48f4dffd0ee948813625be3432203d16d0c89ae,XMC,XMC,coin,CryptoNight,16333000.0,1960000000.0,1.8367346938776e-06,XMC,1.0,0.50058020158702,19312.880999212,1690070089
464,daadf1c754d9b828d92391a5caefe5625ac23977,XMR,Monero,coin,RandomX,3247549314.175,389705917701.0,5.5662823105096e-09,XMR,0.60255921,166.31834480266,107348837.91327,1690131284
465,a4646b28be18d0c60682685a1704343f9bdd3978,XNA,XNA,coin,KAWPOW,1403579416464.5,19192.861432861,1.3761915265501e-06,XNA,31512.0,0.0,,1690130934
466,0ad257ccef889c482f4a7afb8a0f166f1d846833,XNB,XNB,coin,CryptoNight,117000.0,13993642.0,0.00084707898058275,XNB,3.2927,0.00021254,,1690131289
467,46120ab3a01d7f938d621203f8af87e897b0e664,XRD,Raven Dark,coin,X16R,21.25,2.6960221,6.6066017187029e-06,XRD,188588383.53083,0.00019774457388988,,1664423738
468,08670a165b216b05b1b0d2245b15036dad17ea58,XUNI,XUNI,coin,CryptoNightConceal,-1.0,1450701.0,0.024815589153106,XUNI,10.0,0.0,,1690131284
469,24459a336f02fc45ba9e89c73142061204d37712,XVG,Verge,coin,Scrypt,12.5,616.15528099475,1.7004445612328e-08,XVG,-1.0,0.003373417208576,3953106.1422946,1664913349
470,99208a6d8c3324b7e221e5a2d0281e81795c6d55,XVG,Verge,coin,X17,12.5,30725.054619594,3.4100440484628e-10,XVG,-1.0,0.003373417208576,3953106.1422946,1664915169
471,c59195a1f4646ec1eb37bdb92ec5230f22fff1f2,XVG,Verge,coin,Blake (2s),12.5,2974711.0514212,3.5221501461187e-12,XVG,-1.0,0.003373417208576,3953106.1422946,1664915103
472,c70a2ed1151a85469c22067aa913c8f05e0ebdc7,XVG,Verge,coin,Myr-Groestl,12.5,502373.5952481,2.0855751702575e-11,XVG,-1.0,0.003373417208576,3953106.1422946,1664915144
473,de2877e06b90a484a08410cb29c2af986274e08c,XVG,Verge,coin,Lyra2REv2,12.5,30622.093757798,3.4215096613882e-10,XVG,-1.0,0.003373417208576,3953106.1422946,1664915118
474,91488729a3e0238cc87c142f6f02b4df2a1da750,YCN,YCN,coin,SHA3d,0.005,16.0,2.619344741106e-10,YCN,105948005.90172,0.0,,1675119290
475,8b9193c6f57b872840f02973792d76cea6e0cacd,YDA,YDA,coin,RandomX,12.5,338778727.0,0.00013283006403174,YDA,592078.56254022,0.0,,1683601978
476,f97d56641cecb9b227a46e27742f6af28067f097,YEC,Ycash,coin,"Equihash(192,7)",-1.0,283.9505711063957,0.0048363734937178,YEC,3.125,0.040081342221377,18.112117248365,1690131289
479,a3fc9813173836f168b5d1d309fd758379e4c6be,ZANO,Zano,coin,ProgPowZ,46753135750.0,5769275505249.0,6.2399516138979e-10,ZANO,1.0,0.7276320607613,7127.0901797914,1690131284
480,6e420ca8adbb240a1e6b7ab0aafb58a4d51e7cd8,ZCL,ZClassic,coin,"Equihash(192,7)",7748.8312981345,71.47237462,0.0012008931973074,ZCL,0.1953125,0.0599153912638,15494.761534509,1690131289
481,a454f9181f254a55702fac7d66d5387d5d2ce17a,ZEC,Zcash,coin,Equihash,7230000000.0,64400000.0,1.705951572205e-08,ZEC,2.5,31.964009782887,16846214.651897,1690131284
482,e756c9f8104421620e153cdd70d8d27c415111c9,ZEN,Horizen,coin,Equihash,1565877928.2432,31669269.427654,5.2036224659827e-08,ZEN,3.75,9.4891280632681,24157557.287646,1690131289
483,5b938b983400cdffcf846125930579072a90be83,ZEPH,Zephyr Protocol,coin,RandomX,608202000.0,72984279717.0,7.7245561316224e-07,ZEPH,15.66031015,2.1,25478.0,1690131298
484,37c9db00978ae95eef956eacba293f0bc984f0ad,ZER,Zero,coin,"Equihash(192,7)",2029.6292529765,7843.24079385,0.038727613748411,ZER,2.7,0.0074878591234711,11.951297068381,1690131290
485,bc9ec8d6916ced992d384a8fdffa83992ead0f65,ZERC,ZeroClassic,coin,"Equihash(192,7)",144.0,615.9570488967,1.7898979678653,ZERC,9.800002401,0.00058071,,1690131289
486,3b6c3972173f236a4a28c140e4eaa2376598065f,ZIL,Zilliqa,coin,Ethash,1.4578494132814,41.0,3.6e-09,ZIL,4.1e-11,0.022178800034503,24658753.106033,1690131290
587,495b67bf143563811e00b3582de34f8425766c60,ZTC,Zent Cash,coin,CryptoNightLiteV7,0.00118774,2244840.0,1.9047522317849e-06,ZTC,37736.0,3.58964e-07,122.67,1687532803
